"","Time","Milwaukee","","Score","","Chicago"
"2","12:00.0","Jump ball: B. Lopez vs. N. Vucevic (G. Antetokounmpo gains possession)","Jump ball: B. Lopez vs. N. Vucevic (G. Antetokounmpo gains possession)","Jump ball: B. Lopez vs. N. Vucevic (G. Antetokounmpo gains possession)","Jump ball: B. Lopez vs. N. Vucevic (G. Antetokounmpo gains possession)","Jump ball: B. Lopez vs. N. Vucevic (G. Antetokounmpo gains possession)"
"3","11:47.0","J. Holiday makes 2-pt jump shot from 14 ft (assist by W. Matthews)","+2","2-0","",""
"4","11:29.0","","","2-0","","N. Vucevic misses 3-pt jump shot from 23 ft"
"5","11:26.0","Defensive rebound by B. Portis","","2-0","",""
"6","11:21.0","Turnover by J. Holiday (bad pass; steal by D. DeRozan)","","2-0","",""
"7","11:17.0","","","2-2","+2","D. DeRozan makes 2-pt layup from 2 ft"
"8","11:03.0","B. Portis misses 2-pt jump shot from 16 ft","","2-2","",""
"9","10:59.0","","","2-2","","Defensive rebound by N. Vucevic"
"10","10:50.0","","","2-2","","Z. LaVine misses 2-pt jump shot from 19 ft"
"11","10:46.0","Defensive rebound by J. Holiday","","2-2","",""
"12","10:41.0","Personal foul by A. Caruso (drawn by J. Holiday)","","2-2","",""
"13","10:33.0","G. Antetokounmpo misses 2-pt layup from 2 ft (block by A. Caruso)","","2-2","",""
"14","10:29.0","","","2-2","","Defensive rebound by A. Caruso"
"15","10:29.0","","","2-2","","Personal foul by J. Holiday (drawn by A. Caruso)"
"16","10:27.0","","","2-2","","Personal foul by W. Matthews (drawn by D. DeRozan)"
"17","10:17.0","","","2-5","+3","Z. LaVine makes 3-pt jump shot from 30 ft (assist by A. Caruso)"
"18","10:01.0","G. Antetokounmpo makes 2-pt jump shot from 6 ft","+2","4-5","",""
"19","9:48.0","","","4-5","","N. Vucevic misses 3-pt jump shot from 25 ft"
"20","9:46.0","Defensive rebound by B. Portis","","4-5","",""
"21","9:36.0","B. Lopez misses 3-pt jump shot from 25 ft","","4-5","",""
"22","9:31.0","","","4-5","","Defensive rebound by N. Vucevic"
"23","9:21.0","","","4-5","","D. DeRozan misses 2-pt jump shot from 17 ft"
"24","9:19.0","Defensive rebound by G. Antetokounmpo","","4-5","",""
"25","9:07.0","J. Holiday makes 3-pt jump shot from 26 ft","+3","7-5","",""
"26","8:44.0","","","7-5","","P. Williams misses 2-pt layup from 2 ft (block by B. Lopez)"
"27","8:42.0","Defensive rebound by B. Lopez","","7-5","",""
"28","8:40.0","Shooting foul by D. DeRozan (drawn by G. Antetokounmpo)","","7-5","",""
"29","8:40.0","G. Antetokounmpo misses free throw 1 of 2","","7-5","",""
"30","8:40.0","Offensive rebound by Team","","7-5","",""
"31","8:40.0","G. Antetokounmpo makes free throw 2 of 2","+1","8-5","",""
"32","8:27.0","","","8-8","+3","Z. LaVine makes 3-pt jump shot from 25 ft (assist by N. Vucevic)"
"33","8:06.0","J. Holiday makes 3-pt jump shot from 24 ft (assist by B. Lopez)","+3","11-8","",""
"34","7:39.0","","","11-8","","D. DeRozan misses 3-pt jump shot from 25 ft"
"35","7:36.0","Defensive rebound by W. Matthews","","11-8","",""
"36","7:26.0","G. Antetokounmpo misses 2-pt layup from 3 ft (block by A. Caruso)","","11-8","",""
"37","7:26.0","Offensive rebound by Team","","11-8","",""
"38","7:26.0","J. Carter enters the game for J. Holiday","","11-8","",""
"39","7:18.0","W. Matthews misses 3-pt jump shot from 25 ft","","11-8","",""
"40","7:15.0","","","11-8","","Defensive rebound by N. Vucevic"
"41","7:08.0","","","11-10","+2","N. Vucevic makes 2-pt layup from 2 ft (assist by Z. LaVine)"
"42","6:56.0","B. Lopez misses 2-pt jump shot from 15 ft","","11-10","",""
"43","6:53.0","","","11-10","","Defensive rebound by Z. LaVine"
"44","6:37.0","","","11-10","","P. Williams misses 3-pt jump shot from 23 ft"
"45","6:34.0","Defensive rebound by W. Matthews","","11-10","",""
"46","6:26.0","W. Matthews misses 3-pt jump shot from 25 ft","","11-10","",""
"47","6:24.0","Offensive rebound by G. Antetokounmpo","","11-10","",""
"48","6:23.0","B. Lopez misses 3-pt jump shot from 25 ft","","11-10","",""
"49","6:22.0","","","11-10","","Defensive rebound by Z. LaVine"
"50","6:22.0","","","11-10","","Chicago full timeout"
"51","6:22.0","G. Allen enters the game for G. Antetokounmpo","","11-10","",""
"52","6:22.0","J. Holiday enters the game for W. Matthews","","11-10","",""
"53","6:22.0","","","11-10","","T. Thompson enters the game for A. Caruso"
"54","6:22.0","","","11-10","","C. White enters the game for N. Vucevic"
"55","6:01.0","","","11-10","","C. White misses 3-pt jump shot from 24 ft"
"56","5:58.0","Defensive rebound by J. Carter","","11-10","",""
"57","5:48.0","Shooting foul by P. Williams (drawn by B. Portis)","","11-10","",""
"58","5:48.0","B. Portis misses free throw 1 of 3","","11-10","",""
"59","5:48.0","Offensive rebound by Team","","11-10","",""
"60","5:48.0","B. Portis makes free throw 2 of 3","+1","12-10","",""
"61","5:48.0","B. Portis misses free throw 3 of 3","","12-10","",""
"62","5:44.0","","","12-10","","Defensive rebound by P. Williams"
"63","5:36.0","","","12-10","","Turnover by C. White (lost ball; steal by G. Allen)"
"64","5:36.0","Personal foul by C. White (drawn by G. Allen)","","12-10","",""
"65","5:21.0","B. Portis makes 2-pt hook shot from 5 ft","+2","14-10","",""
"66","5:08.0","","","14-12","+2","D. DeRozan makes 2-pt jump shot from 21 ft (assist by Z. LaVine)"
"67","4:54.0","B. Portis makes 2-pt jump shot from 16 ft","+2","16-12","",""
"68","4:29.0","","","16-12","","Turnover by C. White (lost ball; steal by G. Allen)"
"69","4:24.0","G. Allen makes 2-pt layup from 1 ft","+2","18-12","",""
"70","4:13.0","","","18-12","","Personal foul by J. Carter (drawn by Z. LaVine)"
"71","4:13.0","P. Connaughton enters the game for J. Carter","","18-12","",""
"72","4:13.0","","","18-12","","D. Jones enters the game for T. Thompson"
"73","4:13.0","","","18-12","","N. Vucevic enters the game for P. Williams"
"74","3:57.0","","","18-12","","Z. LaVine misses 2-pt jump shot from 20 ft"
"75","3:56.0","Defensive rebound by B. Lopez","","18-12","",""
"76","3:48.0","B. Portis makes 2-pt jump shot from 19 ft","+2","20-12","",""
"77","3:20.0","","","20-12","","N. Vucevic misses 2-pt jump shot from 14 ft"
"78","3:18.0","Defensive rebound by B. Portis","","20-12","",""
"79","3:11.0","Milwaukee full timeout","","20-12","",""
"80","3:11.0","G. Antetokounmpo enters the game for B. Lopez","","20-12","",""
"81","3:11.0","","","20-12","","A. Caruso enters the game for D. DeRozan"
"82","3:11.0","","","20-12","","A. Dosunmu enters the game for C. White"
"83","3:06.0","Turnover by B. Portis (traveling)","","20-12","",""
"84","2:50.0","","","20-14","+2","N. Vucevic makes 2-pt hook shot from 5 ft (assist by Z. LaVine)"
"85","2:31.0","G. Allen makes 3-pt jump shot from 27 ft (assist by G. Antetokounmpo)","+3","23-14","",""
"86","2:04.0","","","23-16","+2","N. Vucevic makes 2-pt jump shot from 14 ft (assist by Z. LaVine)"
"87","1:54.0","Turnover by J. Holiday (bad pass; steal by A. Caruso)","","23-16","",""
"88","1:49.0","","","23-18","+2","Z. LaVine makes 2-pt layup from 2 ft (assist by A. Caruso)"
"89","1:33.0","J. Holiday misses 3-pt jump shot from 25 ft","","23-18","",""
"90","1:31.0","","","23-18","","Defensive rebound by N. Vucevic"
"91","1:25.0","","","23-20","+2","Z. LaVine makes 2-pt jump shot from 7 ft (assist by A. Caruso)"
"92","1:04.0","G. Antetokounmpo makes 2-pt dunk from 1 ft","+2","25-20","",""
"93","0:40.0","","","25-22","+2","Z. LaVine makes 2-pt jump shot from 22 ft (assist by N. Vucevic)"
"94","0:31.0","B. Portis misses 3-pt jump shot from 27 ft","","25-22","",""
"95","0:28.0","","","25-22","","Defensive rebound by D. Jones"
"96","0:06.0","","","25-22","","Z. LaVine misses 2-pt jump shot from 17 ft"
"97","0:06.0","","","25-22","","Offensive rebound by Team"
"98","0:06.0","","","25-22","","Turnover by Team (shot clock)"
"99","0:00.0","Turnover by G. Antetokounmpo (lost ball; steal by D. Jones)","","25-22","",""
"100","0:00.0","End of 1st quarter","End of 1st quarter","End of 1st quarter","End of 1st quarter","End of 1st quarter"
"101","2nd Q","2nd Q","2nd Q","2nd Q","2nd Q","2nd Q"
"102","Time","Milwaukee","","Score","","Chicago"
"103","12:00.0","Start of 2nd quarter","Start of 2nd quarter","Start of 2nd quarter","Start of 2nd quarter","Start of 2nd quarter"
"104","11:36.0","","","25-22","","D. Jones misses 2-pt layup from 3 ft (block by P. Connaughton)"
"105","11:36.0","","","25-22","","Offensive rebound by Team"
"106","11:32.0","","","25-22","","D. DeRozan misses 2-pt jump shot from 16 ft"
"107","11:29.0","Defensive rebound by P. Connaughton","","25-22","",""
"108","11:20.0","G. Allen misses 2-pt jump shot from 3 ft","","25-22","",""
"109","11:18.0","","","25-22","","Defensive rebound by N. Vucevic"
"110","11:13.0","","","25-24","+2","D. Jones makes 2-pt dunk at rim (assist by A. Caruso)"
"111","10:53.0","P. Connaughton misses 3-pt jump shot from 25 ft","","25-24","",""
"112","10:50.0","","","25-24","","Defensive rebound by Team"
"113","10:50.0","J. Holiday enters the game for J. Carter","","25-24","",""
"114","10:36.0","","","25-24","","A. Caruso misses 3-pt jump shot from 26 ft"
"115","10:33.0","Defensive rebound by G. Allen","","25-24","",""
"116","10:28.0","Offensive foul by G. Antetokounmpo (drawn by N. Vucevic)","","25-24","",""
"117","10:28.0","Turnover by G. Antetokounmpo (offensive foul)","","25-24","",""
"118","10:09.0","","","25-24","","N. Vucevic misses 3-pt jump shot from 23 ft"
"119","10:07.0","Defensive rebound by G. Antetokounmpo","","25-24","",""
"120","10:01.0","G. Allen makes 3-pt jump shot from 26 ft (assist by G. Antetokounmpo)","+3","28-24","",""
"121","9:43.0","","","28-24","","Turnover by D. DeRozan (bad pass; steal by G. Allen)"
"122","9:38.0","P. Connaughton makes 3-pt jump shot from 25 ft (assist by J. Holiday)","+3","31-24","",""
"123","9:37.0","","","31-24","","Chicago full timeout"
"124","9:19.0","","","31-26","+2","N. Vucevic makes 2-pt jump shot from 6 ft (assist by D. DeRozan)"
"125","9:09.0","G. Antetokounmpo makes 2-pt layup from 1 ft","+2","33-26","",""
"126","9:09.0","Shooting foul by A. Caruso (drawn by G. Antetokounmpo)","","33-26","",""
"127","9:09.0","","","33-26","","Z. LaVine enters the game for A. Dosunmu"
"128","9:09.0","G. Antetokounmpo makes free throw 1 of 1","+1","34-26","",""
"129","8:53.0","","","34-28","+2","D. DeRozan makes 2-pt jump shot from 18 ft (assist by Z. LaVine)"
"130","8:39.0","G. Allen makes 3-pt jump shot from 23 ft (assist by J. Holiday)","+3","37-28","",""
"131","8:24.0","","","37-28","","Personal foul by W. Matthews (drawn by D. DeRozan)"
"132","8:18.0","","","37-28","","Turnover by D. Jones (off goaltending)"
"133","8:01.0","G. Antetokounmpo makes 2-pt jump shot from 5 ft","+2","39-28","",""
"134","7:42.0","","","39-31","+3","D. Jones makes 3-pt jump shot from 23 ft (assist by Z. LaVine)"
"135","7:34.0","J. Holiday misses 2-pt jump shot from 14 ft","","39-31","",""
"136","7:28.0","","","39-31","","Defensive rebound by A. Caruso"
"137","7:23.0","","","39-31","","D. Jones misses 3-pt jump shot from 23 ft"
"138","7:20.0","Defensive rebound by P. Connaughton","","39-31","",""
"139","7:12.0","G. Antetokounmpo misses 3-pt jump shot from 26 ft","","39-31","",""
"140","7:10.0","","","39-31","","Defensive rebound by A. Caruso"
"141","6:50.0","","","39-31","","Turnover by D. Jones (traveling)"
"142","6:50.0","B. Lopez enters the game for G. Allen","","39-31","",""
"143","6:50.0","B. Portis enters the game for G. Antetokounmpo","","39-31","",""
"144","6:50.0","","","39-31","","T. Thompson enters the game for D. Jones"
"145","6:50.0","","","39-31","","P. Williams enters the game for N. Vucevic"
"146","6:37.0","J. Holiday misses 2-pt jump shot from 5 ft","","39-31","",""
"147","6:34.0","","","39-31","","Defensive rebound by A. Caruso"
"148","6:27.0","","","39-31","","Offensive foul by T. Thompson (drawn by B. Lopez)"
"149","6:27.0","","","39-31","","Turnover by T. Thompson (offensive foul)"
"150","6:27.0","J. Carter enters the game for W. Matthews","","39-31","",""
"151","6:03.0","B. Portis misses 2-pt jump shot from 10 ft","","39-31","",""
"152","6:01.0","","","39-31","","Defensive rebound by D. DeRozan"
"153","5:56.0","","","39-31","","P. Williams misses 2-pt jump shot from 6 ft"
"154","5:54.0","Defensive rebound by P. Connaughton","","39-31","",""
"155","5:49.0","B. Portis makes 2-pt jump shot from 5 ft (assist by J. Holiday)","+2","41-31","",""
"156","5:49.0","","","41-31","","Chicago full timeout"
"157","5:49.0","","","41-31","","A. Dosunmu enters the game for A. Caruso"
"158","5:34.0","","","41-31","","Z. LaVine misses 3-pt jump shot from 27 ft"
"159","5:31.0","Defensive rebound by B. Portis","","41-31","",""
"160","5:16.0","B. Portis makes 2-pt jump shot from 8 ft","+2","43-31","",""
"161","5:03.0","","","43-34","+3","P. Williams makes 3-pt jump shot from 23 ft (assist by T. Thompson)"
"162","4:53.0","Offensive foul by B. Lopez (drawn by D. DeRozan)","","43-34","",""
"163","4:53.0","Turnover by B. Lopez (offensive foul)","","43-34","",""
"164","4:44.0","","","43-34","","Offensive foul by T. Thompson (drawn by P. Connaughton)"
"165","4:44.0","","","43-34","","Turnover by T. Thompson (offensive foul)"
"166","4:44.0","G. Antetokounmpo enters the game for P. Connaughton","","43-34","",""
"167","4:19.0","J. Carter makes 3-pt jump shot from 26 ft (assist by J. Holiday)","+3","46-34","",""
"168","4:04.0","","","46-36","+2","P. Williams makes 2-pt jump shot from 17 ft"
"169","3:47.0","J. Holiday misses 2-pt jump shot from 21 ft","","46-36","",""
"170","3:47.0","","","46-36","","Defensive rebound by T. Thompson"
"171","3:44.0","","","46-36","","Turnover by T. Thompson (bad pass; steal by B. Lopez)"
"172","3:42.0","Offensive foul by G. Antetokounmpo (drawn by D. DeRozan)","","46-36","",""
"173","3:42.0","Turnover by G. Antetokounmpo (offensive foul)","","46-36","",""
"174","3:42.0","","","46-36","","A. Caruso enters the game for A. Dosunmu"
"175","3:42.0","","","46-36","","N. Vucevic enters the game for T. Thompson"
"176","3:21.0","","","46-36","","Z. LaVine misses 2-pt layup from 2 ft (block by G. Antetokounmpo)"
"177","3:16.0","Defensive rebound by B. Lopez","","46-36","",""
"178","3:14.0","G. Antetokounmpo makes 2-pt jump shot from 4 ft","+2","48-36","",""
"179","3:00.0","","","48-36","","Personal foul by J. Holiday (drawn by D. DeRozan)"
"180","3:00.0","G. Allen enters the game for B. Portis","","48-36","",""
"181","2:51.0","","","48-39","+3","N. Vucevic makes 3-pt jump shot from 27 ft (assist by Z. LaVine)"
"182","2:39.0","G. Allen makes 3-pt jump shot from 26 ft (assist by J. Holiday)","+3","51-39","",""
"183","2:20.0","","","51-39","","D. DeRozan misses 3-pt jump shot from 23 ft"
"184","2:18.0","Defensive rebound by G. Antetokounmpo","","51-39","",""
"185","2:07.0","J. Holiday makes 3-pt jump shot from 23 ft (assist by G. Antetokounmpo)","+3","54-39","",""
"186","1:51.0","","","54-39","","Z. LaVine misses 3-pt jump shot from 26 ft"
"187","1:49.0","Defensive rebound by G. Antetokounmpo","","54-39","",""
"188","1:44.0","Offensive foul by J. Carter (drawn by A. Caruso)","","54-39","",""
"189","1:44.0","Turnover by J. Carter (offensive foul)","","54-39","",""
"190","1:44.0","W. Matthews enters the game for G. Antetokounmpo","","54-39","",""
"191","1:44.0","B. Portis enters the game for J. Holiday","","54-39","",""
"192","1:44.0","","","54-39","","A. Dosunmu enters the game for A. Caruso"
"193","1:29.0","","","54-39","","D. DeRozan misses 2-pt layup from 2 ft"
"194","1:25.0","","","54-39","","Offensive rebound by P. Williams"
"195","1:25.0","","","54-39","","P. Williams misses 2-pt layup at rim"
"196","1:24.0","","","54-39","","Offensive rebound by P. Williams"
"197","1:24.0","","","54-41","+2","P. Williams makes 2-pt dunk at rim"
"198","1:17.0","G. Allen misses 3-pt jump shot from 26 ft","","54-41","",""
"199","1:12.0","","","54-41","","Defensive rebound by A. Dosunmu"
"200","0:56.0","","","54-41","","N. Vucevic misses 2-pt jump shot from 4 ft"
"201","0:54.0","Defensive rebound by B. Portis","","54-41","",""
"202","0:43.0","G. Allen makes 2-pt jump shot from 3 ft","+2","56-41","",""
"203","0:33.0","","","56-41","","Offensive foul by Z. LaVine (drawn by W. Matthews)"
"204","0:33.0","","","56-41","","Turnover by Z. LaVine (offensive foul)"
"205","0:33.0","G. Antetokounmpo enters the game for B. Lopez","","56-41","",""
"206","0:33.0","J. Holiday enters the game for W. Matthews","","56-41","",""
"207","0:24.0","J. Holiday misses 2-pt jump shot from 7 ft","","56-41","",""
"208","0:22.0","","","56-41","","Defensive rebound by A. Dosunmu"
"209","0:03.0","","","56-41","","D. DeRozan misses 3-pt jump shot from 23 ft"
"210","0:01.0","Defensive rebound by G. Antetokounmpo","","56-41","",""
"211","0:00.0","G. Antetokounmpo misses 3-pt jump shot from 33 ft","","56-41","",""
"212","0:00.0","Offensive rebound by Team","","56-41","",""
"213","0:00.0","End of 2nd quarter","End of 2nd quarter","End of 2nd quarter","End of 2nd quarter","End of 2nd quarter"
"214","3rd Q","3rd Q","3rd Q","3rd Q","3rd Q","3rd Q"
"215","Time","Milwaukee","","Score","","Chicago"
"216","12:00.0","Start of 3rd quarter","Start of 3rd quarter","Start of 3rd quarter","Start of 3rd quarter","Start of 3rd quarter"
"217","11:41.0","","","56-41","","N. Vucevic misses 3-pt jump shot from 26 ft"
"218","11:38.0","Defensive rebound by B. Portis","","56-41","",""
"219","11:32.0","Shooting foul by P. Williams (drawn by G. Antetokounmpo)","","56-41","",""
"220","11:32.0","G. Antetokounmpo makes free throw 1 of 2","+1","57-41","",""
"221","11:32.0","G. Antetokounmpo misses free throw 2 of 2","","57-41","",""
"222","11:29.0","Offensive rebound by B. Lopez","","57-41","",""
"223","11:25.0","B. Portis makes 3-pt jump shot from 23 ft (assist by J. Holiday)","+3","60-41","",""
"224","11:15.0","","","60-41","","Z. LaVine misses 3-pt jump shot from 26 ft"
"225","11:12.0","Defensive rebound by J. Holiday","","60-41","",""
"226","11:10.0","J. Holiday makes 3-pt jump shot from 30 ft","+3","63-41","",""
"227","10:51.0","","","63-41","","Shooting foul by B. Lopez (drawn by Z. LaVine)"
"228","10:51.0","","","63-42","+1","Z. LaVine makes free throw 1 of 2"
"229","10:51.0","","","63-43","+1","Z. LaVine makes free throw 2 of 2"
"230","10:36.0","G. Antetokounmpo misses 2-pt jump shot from 13 ft","","63-43","",""
"231","10:33.0","","","63-43","","Defensive rebound by D. DeRozan"
"232","10:27.0","","","63-43","","A. Dosunmu misses 3-pt jump shot from 23 ft"
"233","10:24.0","Defensive rebound by B. Portis","","63-43","",""
"234","10:20.0","Turnover by B. Portis (traveling)","","63-43","",""
"235","10:09.0","","","63-43","","N. Vucevic misses 3-pt jump shot from 23 ft"
"236","10:06.0","Defensive rebound by G. Antetokounmpo","","63-43","",""
"237","10:02.0","Personal foul by A. Dosunmu (drawn by G. Antetokounmpo)","","63-43","",""
"238","9:59.0","W. Matthews misses 2-pt layup from 2 ft","","63-43","",""
"239","9:57.0","","","63-43","","Defensive rebound by N. Vucevic"
"240","9:44.0","","","63-43","","D. DeRozan misses 2-pt jump shot from 18 ft"
"241","9:39.0","","","63-43","","Offensive rebound by N. Vucevic"
"242","9:39.0","","","63-43","","N. Vucevic misses 2-pt layup at rim"
"243","9:38.0","Defensive rebound by G. Antetokounmpo","","63-43","",""
"244","9:34.0","G. Antetokounmpo makes 2-pt layup from 1 ft","+2","65-43","",""
"245","9:19.0","","","65-46","+3","P. Williams makes 3-pt jump shot from 26 ft (assist by Z. LaVine)"
"246","9:04.0","Def 3 sec tech foul by Team","","65-46","",""
"247","9:04.0","J. Holiday misses technical free throw","","65-46","",""
"248","9:04.0","Offensive rebound by Team","","65-46","",""
"249","8:52.0","W. Matthews misses 3-pt jump shot from 28 ft","","65-46","",""
"250","8:48.0","Offensive rebound by B. Lopez","","65-46","",""
"251","8:42.0","G. Antetokounmpo misses 2-pt layup from 4 ft (block by N. Vucevic)","","65-46","",""
"252","8:39.0","","","65-46","","Defensive rebound by Z. LaVine"
"253","8:38.0","","","65-46","","Shooting foul by B. Lopez (drawn by P. Williams)"
"254","8:38.0","","","65-47","+1","P. Williams makes free throw 1 of 2"
"255","8:38.0","","","65-48","+1","P. Williams makes free throw 2 of 2"
"256","8:25.0","B. Portis misses 2-pt jump shot from 16 ft","","65-48","",""
"257","8:21.0","","","65-48","","Defensive rebound by P. Williams"
"258","8:19.0","","","65-48","","Personal foul by W. Matthews (drawn by Z. LaVine)"
"259","8:10.0","","","65-51","+3","A. Dosunmu makes 3-pt jump shot from 23 ft (assist by D. DeRozan)"
"260","7:59.0","J. Holiday misses 3-pt jump shot from 28 ft","","65-51","",""
"261","7:56.0","","","65-51","","Defensive rebound by P. Williams"
"262","7:49.0","","","65-54","+3","A. Dosunmu makes 3-pt jump shot from 24 ft (assist by Z. LaVine)"
"263","7:41.0","Milwaukee full timeout","","65-54","",""
"264","7:41.0","G. Allen enters the game for B. Lopez","","65-54","",""
"265","7:41.0","P. Connaughton enters the game for W. Matthews","","65-54","",""
"266","7:32.0","G. Antetokounmpo makes 2-pt layup from 1 ft","+2","67-54","",""
"267","7:32.0","Shooting foul by P. Williams (drawn by G. Antetokounmpo)","","67-54","",""
"268","7:32.0","G. Antetokounmpo makes free throw 1 of 1","+1","68-54","",""
"269","7:17.0","","","68-57","+3","P. Williams makes 3-pt jump shot from 23 ft (assist by Z. LaVine)"
"270","7:05.0","Turnover by B. Portis (step out of bounds)","","68-57","",""
"271","6:56.0","","","68-59","+2","D. DeRozan makes 2-pt jump shot from 19 ft"
"272","6:36.0","G. Antetokounmpo misses 2-pt layup from 2 ft","","68-59","",""
"273","6:34.0","","","68-59","","Defensive rebound by Z. LaVine"
"274","6:27.0","","","68-59","","Shooting foul by J. Holiday (drawn by D. DeRozan)"
"275","6:27.0","","","68-60","+1","D. DeRozan makes free throw 1 of 2"
"276","6:27.0","","","68-60","","D. DeRozan misses free throw 2 of 2"
"277","6:24.0","Defensive rebound by B. Portis","","68-60","",""
"278","6:03.0","P. Connaughton makes 2-pt layup from 2 ft (assist by B. Portis)","+2","70-60","",""
"279","5:52.0","","","70-60","","N. Vucevic misses 2-pt jump shot from 18 ft"
"280","5:49.0","Defensive rebound by B. Portis","","70-60","",""
"281","5:39.0","Personal foul by D. DeRozan (drawn by G. Antetokounmpo)","","70-60","",""
"282","5:32.0","G. Antetokounmpo makes 2-pt jump shot from 2 ft","+2","72-60","",""
"283","5:20.0","","","72-60","","Z. LaVine misses 2-pt layup from 1 ft (block by G. Antetokounmpo)"
"284","5:17.0","Defensive rebound by G. Antetokounmpo","","72-60","",""
"285","5:13.0","G. Allen makes 3-pt jump shot from 23 ft (assist by G. Antetokounmpo)","+3","75-60","",""
"286","5:12.0","","","75-60","","Chicago full timeout"
"287","5:12.0","J. Carter enters the game for J. Holiday","","75-60","",""
"288","5:12.0","W. Matthews enters the game for B. Portis","","75-60","",""
"289","5:12.0","","","75-60","","D. Jones enters the game for N. Vucevic"
"290","4:55.0","","","75-60","","D. DeRozan misses 2-pt jump shot from 19 ft"
"291","4:52.0","Defensive rebound by G. Antetokounmpo","","75-60","",""
"292","4:47.0","Shooting foul by P. Williams (drawn by G. Antetokounmpo)","","75-60","",""
"293","4:47.0","G. Antetokounmpo makes free throw 1 of 2","+1","76-60","",""
"294","4:47.0","","","76-60","","J. Green enters the game for P. Williams"
"295","4:47.0","G. Antetokounmpo makes free throw 2 of 2","+1","77-60","",""
"296","4:32.0","","","77-60","","J. Green misses 2-pt jump shot from 8 ft"
"297","4:30.0","Defensive rebound by P. Connaughton","","77-60","",""
"298","4:21.0","J. Carter misses 2-pt jump shot from 9 ft","","77-60","",""
"299","4:17.0","","","77-60","","Defensive rebound by D. DeRozan"
"300","4:06.0","","","77-60","","D. Jones misses 3-pt jump shot from 23 ft"
"301","4:03.0","Defensive rebound by P. Connaughton","","77-60","",""
"302","3:54.0","G. Antetokounmpo makes 2-pt dunk from 1 ft","+2","79-60","",""
"303","3:50.0","","","79-62","+2","Z. LaVine makes 2-pt layup from 2 ft"
"304","3:50.0","Violation by Team (def goaltending)","","79-62","",""
"305","3:50.0","","","79-62","","Shooting foul by J. Carter (drawn by Z. LaVine)"
"306","3:50.0","","","79-62","","C. White enters the game for A. Dosunmu"
"307","3:50.0","","","79-63","+1","Z. LaVine makes free throw 1 of 1"
"308","3:43.0","Milwaukee full timeout","","79-63","",""
"309","3:34.0","Shooting foul by J. Green (drawn by G. Antetokounmpo)","","79-63","",""
"310","3:34.0","G. Antetokounmpo makes free throw 1 of 2","+1","80-63","",""
"311","3:34.0","G. Antetokounmpo misses free throw 2 of 2","","80-63","",""
"312","3:32.0","","","80-63","","Defensive rebound by D. DeRozan"
"313","3:16.0","","","80-63","","C. White misses 3-pt jump shot from 27 ft"
"314","3:10.0","","","80-63","","Offensive rebound by J. Green"
"315","3:10.0","","","80-65","+2","J. Green makes 2-pt layup at rim"
"316","3:00.0","Offensive foul by G. Antetokounmpo (drawn by D. Jones)","","80-65","",""
"317","3:00.0","Turnover by G. Antetokounmpo (offensive foul)","","80-65","",""
"318","3:00.0","J. Holiday enters the game for G. Antetokounmpo","","80-65","",""
"319","3:00.0","B. Lopez enters the game for W. Matthews","","80-65","",""
"320","3:00.0","","","80-65","","N. Vucevic enters the game for D. Jones"
"321","2:51.0","","","80-65","","Turnover by Z. LaVine (bad pass; steal by B. Lopez)"
"322","2:43.0","Offensive foul by B. Lopez (drawn by D. DeRozan)","","80-65","",""
"323","2:43.0","Turnover by B. Lopez (offensive foul)","","80-65","",""
"324","2:18.0","","","80-65","","Z. LaVine misses 2-pt jump shot from 18 ft"
"325","2:16.0","Defensive rebound by P. Connaughton","","80-65","",""
"326","2:11.0","J. Holiday makes 2-pt jump shot from 20 ft","+2","82-65","",""
"327","1:52.0","","","82-65","","Shooting foul by B. Lopez (drawn by D. DeRozan)"
"328","1:52.0","","","82-66","+1","D. DeRozan makes free throw 1 of 2"
"329","1:52.0","B. Portis enters the game for B. Lopez","","82-66","",""
"330","1:52.0","","","82-67","+1","D. DeRozan makes free throw 2 of 2"
"331","1:40.0","G. Allen makes 2-pt jump shot from 1 ft","+2","84-67","",""
"332","1:40.0","Shooting foul by J. Green (drawn by G. Allen)","","84-67","",""
"333","1:40.0","G. Allen makes free throw 1 of 1","+1","85-67","",""
"334","1:22.0","","","85-69","+2","D. DeRozan makes 2-pt jump shot from 14 ft (assist by C. White)"
"335","1:10.0","J. Holiday misses 3-pt jump shot from 28 ft","","85-69","",""
"336","1:06.0","","","85-69","","Defensive rebound by N. Vucevic"
"337","0:55.0","","","85-69","","C. White misses 2-pt jump shot from 15 ft"
"338","0:54.0","","","85-69","","Offensive rebound by J. Green"
"339","0:53.0","","","85-69","","J. Green misses 2-pt layup at rim"
"340","0:53.0","","","85-69","","Offensive rebound by J. Green"
"341","0:53.0","","","85-69","","J. Green misses 2-pt layup at rim"
"342","0:53.0","Defensive rebound by J. Carter","","85-69","",""
"343","0:49.0","Turnover by J. Carter (lost ball; steal by J. Green)","","85-69","",""
"344","0:43.0","","","85-71","+2","Z. LaVine makes 2-pt layup from 1 ft (assist by C. White)"
"345","0:43.0","","","85-71","","Shooting foul by J. Carter (drawn by Z. LaVine)"
"346","0:43.0","","","85-71","","P. Williams enters the game for J. Green"
"347","0:43.0","","","85-72","+1","Z. LaVine makes free throw 1 of 1"
"348","0:34.0","J. Holiday makes 2-pt jump shot from 11 ft","+2","87-72","",""
"349","0:17.0","","","87-72","","Shooting foul by J. Holiday (drawn by D. DeRozan)"
"350","0:17.0","","","87-73","+1","D. DeRozan makes free throw 1 of 2"
"351","0:17.0","G. Antetokounmpo enters the game for J. Holiday","","87-73","",""
"352","0:17.0","","","87-73","","D. Jones enters the game for N. Vucevic"
"353","0:17.0","","","87-74","+1","D. DeRozan makes free throw 2 of 2"
"354","0:01.0","G. Allen makes 3-pt jump shot from 27 ft (assist by G. Antetokounmpo)","+3","90-74","",""
"355","0:00.0","End of 3rd quarter","End of 3rd quarter","End of 3rd quarter","End of 3rd quarter","End of 3rd quarter"
"356","4th Q","4th Q","4th Q","4th Q","4th Q","4th Q"
"357","Time","Milwaukee","","Score","","Chicago"
"358","12:00.0","Start of 4th quarter","Start of 4th quarter","Start of 4th quarter","Start of 4th quarter","Start of 4th quarter"
"359","11:43.0","G. Allen makes 2-pt jump shot from 13 ft (assist by G. Antetokounmpo)","+2","92-74","",""
"360","11:30.0","","","92-76","+2","C. White makes 2-pt layup from 2 ft"
"361","11:18.0","G. Antetokounmpo misses 2-pt layup from 3 ft","","92-76","",""
"362","11:18.0","Offensive rebound by G. Antetokounmpo","","92-76","",""
"363","11:18.0","Shooting foul by N. Vucevic (drawn by G. Antetokounmpo)","","92-76","",""
"364","11:18.0","G. Antetokounmpo makes free throw 1 of 2","+1","93-76","",""
"365","11:18.0","","","93-76","","A. Dosunmu enters the game for D. DeRozan"
"366","11:18.0","G. Antetokounmpo makes free throw 2 of 2","+1","94-76","",""
"367","11:01.0","","","94-78","+2","P. Williams makes 2-pt jump shot from 9 ft (assist by Z. LaVine)"
"368","10:50.0","G. Antetokounmpo makes 3-pt jump shot from 27 ft","+3","97-78","",""
"369","10:26.0","","","97-78","","C. White misses 3-pt jump shot from 25 ft"
"370","10:23.0","Defensive rebound by J. Carter","","97-78","",""
"371","9:58.0","J. Carter misses 2-pt jump shot from 10 ft","","97-78","",""
"372","9:57.0","","","97-78","","Defensive rebound by C. White"
"373","9:46.0","","","97-78","","A. Dosunmu misses 3-pt jump shot from 26 ft"
"374","9:43.0","Defensive rebound by G. Antetokounmpo","","97-78","",""
"375","9:31.0","G. Antetokounmpo misses 2-pt jump shot from 14 ft","","97-78","",""
"376","9:29.0","","","97-78","","Defensive rebound by C. White"
"377","9:22.0","","","97-78","","A. Dosunmu misses 3-pt jump shot from 23 ft"
"378","9:20.0","Defensive rebound by G. Antetokounmpo","","97-78","",""
"379","9:15.0","Milwaukee full timeout","","97-78","",""
"380","9:15.0","J. Holiday enters the game for G. Allen","","97-78","",""
"381","9:15.0","B. Portis enters the game for J. Carter","","97-78","",""
"382","9:15.0","","","97-78","","D. DeRozan enters the game for Z. LaVine"
"383","9:05.0","J. Holiday misses 2-pt layup from 2 ft","","97-78","",""
"384","9:03.0","","","97-78","","Defensive rebound by N. Vucevic"
"385","8:51.0","","","97-78","","D. DeRozan misses 3-pt jump shot from 24 ft"
"386","8:46.0","Defensive rebound by G. Antetokounmpo","","97-78","",""
"387","8:34.0","B. Portis misses 3-pt jump shot from 26 ft","","97-78","",""
"388","8:31.0","","","97-78","","Defensive rebound by N. Vucevic"
"389","8:16.0","","","97-78","","P. Williams misses 3-pt jump shot from 23 ft"
"390","8:10.0","Defensive rebound by W. Matthews","","97-78","",""
"391","7:55.0","J. Holiday makes 2-pt jump shot from 6 ft","+2","99-78","",""
"392","7:55.0","Shooting foul by C. White (drawn by J. Holiday)","","99-78","",""
"393","7:55.0","","","99-78","","Z. LaVine enters the game for C. White"
"394","7:55.0","J. Holiday makes free throw 1 of 1","+1","100-78","",""
"395","7:41.0","","","100-80","+2","D. DeRozan makes 2-pt jump shot from 17 ft (assist by A. Dosunmu)"
"396","7:28.0","G. Antetokounmpo misses 2-pt layup from 4 ft","","100-80","",""
"397","7:25.0","","","100-80","","Defensive rebound by D. DeRozan"
"398","7:22.0","","","100-82","+2","A. Dosunmu makes 2-pt layup from 2 ft (assist by D. DeRozan)"
"399","6:58.0","W. Matthews makes 3-pt jump shot from 25 ft (assist by G. Antetokounmpo)","+3","103-82","",""
"400","6:42.0","","","103-84","+2","D. DeRozan makes 2-pt jump shot from 9 ft (assist by Z. LaVine)"
"401","6:29.0","W. Matthews makes 3-pt jump shot from 26 ft (assist by P. Connaughton)","+3","106-84","",""
"402","6:14.0","","","106-84","","Z. LaVine misses 3-pt jump shot from 26 ft"
"403","6:11.0","Defensive rebound by G. Antetokounmpo","","106-84","",""
"404","6:01.0","P. Connaughton misses 3-pt jump shot from 24 ft","","106-84","",""
"405","5:58.0","","","106-84","","Defensive rebound by P. Williams"
"406","5:50.0","","","106-84","","Shooting foul by P. Connaughton (drawn by D. DeRozan)"
"407","5:50.0","","","106-85","+1","D. DeRozan makes free throw 1 of 2"
"408","5:50.0","G. Allen enters the game for G. Antetokounmpo","","106-85","",""
"409","5:50.0","B. Lopez enters the game for P. Connaughton","","106-85","",""
"410","5:50.0","","","106-86","+1","D. DeRozan makes free throw 2 of 2"
"411","5:35.0","B. Lopez makes 2-pt dunk at rim (assist by J. Holiday)","+2","108-86","",""
"412","5:20.0","","","108-86","","D. DeRozan misses 2-pt jump shot from 20 ft"
"413","5:18.0","Defensive rebound by B. Portis","","108-86","",""
"414","5:06.0","J. Holiday misses 2-pt jump shot from 19 ft","","108-86","",""
"415","5:03.0","","","108-86","","Defensive rebound by P. Williams"
"416","4:56.0","","","108-86","","P. Williams misses 3-pt jump shot from 22 ft"
"417","4:52.0","Defensive rebound by G. Allen","","108-86","",""
"418","4:38.0","J. Holiday makes 2-pt jump shot from 18 ft (assist by B. Lopez)","+2","110-86","",""
"419","4:36.0","","","110-86","","Chicago full timeout"
"420","4:36.0","T. Antetokounmpo enters the game for G. Allen","","110-86","",""
"421","4:36.0","J. Carter enters the game for J. Holiday","","110-86","",""
"422","4:36.0","P. Connaughton enters the game for B. Lopez","","110-86","",""
"423","4:36.0","S. Ibaka enters the game for W. Matthews","","110-86","",""
"424","4:36.0","J. Nwora enters the game for B. Portis","","110-86","",""
"425","4:22.0","","","110-86","","D. DeRozan misses 2-pt layup from 4 ft"
"426","4:22.0","","","110-86","","Offensive rebound by P. Williams"
"427","4:22.0","","","110-88","+2","P. Williams makes 2-pt layup at rim"
"428","4:22.0","","","110-88","","Shooting foul by S. Ibaka (drawn by P. Williams)"
"429","4:22.0","","","110-89","+1","P. Williams makes free throw 1 of 1"
"430","4:09.0","Turnover by P. Connaughton (bad pass; steal by A. Dosunmu)","","110-89","",""
"431","4:05.0","","","110-91","+2","Z. LaVine makes 2-pt dunk at rim (assist by A. Dosunmu)"
"432","4:05.0","Milwaukee full timeout","","110-91","",""
"433","4:05.0","G. Allen enters the game for T. Antetokounmpo","","110-91","",""
"434","4:05.0","G. Antetokounmpo enters the game for J. Carter","","110-91","",""
"435","4:05.0","J. Holiday enters the game for S. Ibaka","","110-91","",""
"436","4:05.0","B. Portis enters the game for J. Nwora","","110-91","",""
"437","3:46.0","J. Holiday misses 2-pt jump shot from 22 ft","","110-91","",""
"438","3:44.0","","","110-91","","Defensive rebound by P. Williams"
"439","3:38.0","","","110-93","+2","D. DeRozan makes 2-pt layup from 1 ft (assist by Z. LaVine)"
"440","3:20.0","B. Portis misses 3-pt jump shot from 24 ft","","110-93","",""
"441","3:17.0","","","110-93","","Defensive rebound by Z. LaVine"
"442","3:13.0","","","110-93","","Turnover by Z. LaVine (lost ball; steal by J. Holiday)"
"443","3:08.0","G. Antetokounmpo misses 2-pt layup from 2 ft","","110-93","",""
"444","3:06.0","","","110-93","","Defensive rebound by P. Williams"
"445","3:04.0","","","110-93","","Personal foul by G. Antetokounmpo (drawn by P. Williams)"
"446","2:55.0","","","110-93","","D. DeRozan misses 3-pt jump shot from 23 ft"
"447","2:53.0","Defensive rebound by G. Antetokounmpo","","110-93","",""
"448","2:31.0","J. Holiday misses 2-pt jump shot from 20 ft","","110-93","",""
"449","2:26.0","Offensive rebound by G. Antetokounmpo","","110-93","",""
"450","2:26.0","G. Antetokounmpo makes 2-pt dunk at rim","+2","112-93","",""
"451","2:16.0","","","112-93","","Shooting foul by B. Portis (drawn by Z. LaVine)"
"452","2:16.0","Technical foul by B. Portis","","112-93","",""
"453","2:16.0","","","112-93","","Technical foul by Z. LaVine"
"454","2:16.0","","","112-93","","Instant Replay (Request: Ruling Stands)"
"455","2:16.0","T. Antetokounmpo enters the game for G. Antetokounmpo","","112-93","",""
"456","2:16.0","S. Ibaka enters the game for B. Portis","","112-93","",""
"457","2:16.0","","","112-94","+1","Z. LaVine makes free throw 1 of 2"
"458","2:16.0","","","112-95","+1","Z. LaVine makes free throw 2 of 2"
"459","1:53.0","J. Holiday makes 3-pt jump shot from 29 ft","+3","115-95","",""
"460","1:53.0","","","115-95","","Chicago full timeout"
"461","1:53.0","J. Carter enters the game for G. Allen","","115-95","",""
"462","1:53.0","J. Nwora enters the game for P. Connaughton","","115-95","",""
"463","1:53.0","R. Tucker enters the game for J. Holiday","","115-95","",""
"464","1:53.0","","","115-95","","T. Brown enters the game for D. DeRozan"
"465","1:53.0","","","115-95","","J. Green enters the game for Z. LaVine"
"466","1:53.0","","","115-95","","D. Jones enters the game for N. Vucevic"
"467","1:53.0","","","115-95","","C. White enters the game for P. Williams"
"468","1:36.0","","","115-95","","A. Dosunmu misses 2-pt jump shot from 19 ft"
"469","1:33.0","","","115-95","","Offensive rebound by J. Green"
"470","1:33.0","","","115-95","","J. Green misses 2-pt layup at rim"
"471","1:32.0","Defensive rebound by J. Carter","","115-95","",""
"472","1:29.0","S. Ibaka makes 2-pt jump shot from 6 ft (assist by J. Carter)","+2","117-95","",""
"473","1:14.0","","","117-95","","T. Brown misses 2-pt jump shot from 22 ft"
"474","1:12.0","Defensive rebound by S. Ibaka","","117-95","",""
"475","1:00.0","Personal foul by J. Green (drawn by S. Ibaka)","","117-95","",""
"476","0:49.0","S. Ibaka makes 2-pt dunk from 1 ft (assist by J. Nwora)","+2","119-95","",""
"477","0:36.0","","","119-95","","T. Brown misses 3-pt jump shot from 26 ft"
"478","0:33.0","Defensive rebound by S. Ibaka","","119-95","",""
"479","0:12.0","Turnover by Team (shot clock)","","119-95","",""
"480","0:00.0","End of 4th quarter","End of 4th quarter","End of 4th quarter","End of 4th quarter","End of 4th quarter"
