"","Time","Phoenix","","Score","","Dallas"
"2","12:00.0","Jump ball: J. McGee vs. K. Porzingis (M. Kleber gains possession)","Jump ball: J. McGee vs. K. Porzingis (M. Kleber gains possession)","Jump ball: J. McGee vs. K. Porzingis (M. Kleber gains possession)","Jump ball: J. McGee vs. K. Porzingis (M. Kleber gains possession)","Jump ball: J. McGee vs. K. Porzingis (M. Kleber gains possession)"
"3","11:41.0","","","0-0","","Turnover by L. Doncic (bad pass; steal by M. Bridges)"
"4","11:39.0","Personal foul by L. Doncic (drawn by M. Bridges)","","0-0","",""
"5","11:28.0","D. Booker makes 3-pt jump shot from 23 ft (assist by C. Paul)","+3","3-0","",""
"6","11:06.0","","","3-0","","M. Kleber misses 3-pt jump shot from 26 ft"
"7","11:03.0","Defensive rebound by D. Booker","","3-0","",""
"8","10:52.0","D. Booker misses 3-pt jump shot from 26 ft","","3-0","",""
"9","10:50.0","","","3-0","","Defensive rebound by K. Porzingis"
"10","10:40.0","","","3-0","","L. Doncic misses 3-pt jump shot from 26 ft"
"11","10:36.0","Defensive rebound by J. Crowder","","3-0","",""
"12","10:32.0","J. McGee makes 2-pt layup from 3 ft (assist by D. Booker)","+2","5-0","",""
"13","10:16.0","","","5-0","","L. Doncic misses 2-pt jump shot from 6 ft"
"14","10:14.0","Defensive rebound by D. Booker","","5-0","",""
"15","10:11.0","Personal foul by D. Finney-Smith (drawn by D. Booker)","","5-0","",""
"16","10:05.0","M. Bridges misses 3-pt jump shot from 25 ft","","5-0","",""
"17","10:02.0","Offensive rebound by J. McGee","","5-0","",""
"18","9:53.0","D. Booker misses 2-pt jump shot from 11 ft","","5-0","",""
"19","9:50.0","","","5-0","","Defensive rebound by D. Finney-Smith"
"20","9:27.0","","","5-2","+2","J. Brunson makes 2-pt jump shot from 11 ft (assist by K. Porzingis)"
"21","9:18.0","J. Crowder misses 2-pt jump shot from 10 ft","","5-2","",""
"22","9:15.0","","","5-2","","Defensive rebound by K. Porzingis"
"23","9:06.0","","","5-2","","Def 3 sec tech foul by Team"
"24","9:06.0","","","5-3","+1","K. Porzingis makes technical free throw"
"25","8:58.0","","","5-3","","M. Kleber misses 3-pt jump shot from 26 ft"
"26","8:55.0","Defensive rebound by C. Paul","","5-3","",""
"27","8:55.0","Offensive foul by J. McGee (drawn by M. Kleber)","","5-3","",""
"28","8:55.0","Turnover by J. McGee (offensive foul)","","5-3","",""
"29","8:43.0","","","5-3","","M. Kleber misses 3-pt jump shot from 23 ft"
"30","8:40.0","","","5-3","","Offensive rebound by M. Kleber"
"31","8:39.0","","","5-3","","M. Kleber misses 3-pt jump shot from 26 ft"
"32","8:36.0","Defensive rebound by Team","","5-3","",""
"33","8:21.0","J. McGee makes 2-pt layup from 3 ft (assist by C. Paul)","+2","7-3","",""
"34","8:10.0","","","7-3","","M. Kleber misses 3-pt jump shot from 22 ft"
"35","8:07.0","Defensive rebound by J. McGee","","7-3","",""
"36","8:03.0","J. Crowder misses 3-pt jump shot from 25 ft","","7-3","",""
"37","8:00.0","","","7-3","","Defensive rebound by J. Brunson"
"38","7:48.0","","","7-5","+2","L. Doncic makes 2-pt jump shot from 10 ft"
"39","7:29.0","Shooting foul by K. Porzingis (drawn by M. Bridges)","","7-5","",""
"40","7:29.0","M. Bridges makes free throw 1 of 2","+1","8-5","",""
"41","7:29.0","M. Bridges makes free throw 2 of 2","+1","9-5","",""
"42","7:20.0","","","9-8","+3","M. Kleber makes 3-pt jump shot from 25 ft (assist by L. Doncic)"
"43","7:02.0","J. McGee misses 2-pt layup from 4 ft","","9-8","",""
"44","7:00.0","","","9-8","","Defensive rebound by M. Kleber"
"45","6:56.0","","","9-10","+2","K. Porzingis makes 2-pt dunk from 1 ft (assist by L. Doncic)"
"46","6:41.0","D. Booker makes 2-pt jump shot from 17 ft (assist by C. Paul)","+2","11-10","",""
"47","6:32.0","","","11-13","+3","K. Porzingis makes 3-pt jump shot from 27 ft (assist by D. Finney-Smith)"
"48","6:23.0","D. Booker misses 3-pt jump shot from 26 ft","","11-13","",""
"49","6:20.0","","","11-13","","Defensive rebound by K. Porzingis"
"50","6:14.0","","","11-13","","Personal foul by J. Crowder (drawn by K. Porzingis)"
"51","6:14.0","","","11-13","","Dallas full timeout"
"52","6:14.0","B. Biyombo enters the game for J. McGee","","11-13","",""
"53","6:05.0","","","11-13","","Turnover by L. Doncic (traveling)"
"54","5:54.0","B. Biyombo misses 2-pt jump shot from 8 ft (block by K. Porzingis)","","11-13","",""
"55","5:50.0","","","11-13","","Defensive rebound by J. Brunson"
"56","5:46.0","","","11-13","","Turnover by J. Brunson (bad pass; steal by J. Crowder)"
"57","5:40.0","D. Booker makes 2-pt jump shot from 13 ft (assist by C. Paul)","+2","13-13","",""
"58","5:25.0","","","13-13","","Shooting foul by D. Booker (drawn by L. Doncic)"
"59","5:25.0","","","13-14","+1","L. Doncic makes free throw 1 of 2"
"60","5:25.0","","","13-14","","T. Hardaway enters the game for M. Kleber"
"61","5:25.0","","","13-14","","D. Powell enters the game for K. Porzingis"
"62","5:25.0","","","13-15","+1","L. Doncic makes free throw 2 of 2"
"63","5:14.0","C. Paul misses 3-pt jump shot from 24 ft","","13-15","",""
"64","5:12.0","","","13-15","","Defensive rebound by D. Finney-Smith"
"65","5:02.0","Violation by Team (kicked ball)","","13-15","",""
"66","4:50.0","","","13-17","+2","L. Doncic makes 2-pt jump shot from 10 ft"
"67","4:27.0","M. Bridges makes 2-pt jump shot from 9 ft (assist by C. Paul)","+2","15-17","",""
"68","4:17.0","","","15-17","","L. Doncic misses 2-pt jump shot from 17 ft"
"69","4:15.0","Defensive rebound by C. Paul","","15-17","",""
"70","4:11.0","D. Booker makes 2-pt jump shot from 9 ft (assist by C. Paul)","+2","17-17","",""
"71","4:11.0","Shooting foul by J. Brunson (drawn by D. Booker)","","17-17","",""
"72","4:11.0","C. Johnson enters the game for J. Crowder","","17-17","",""
"73","4:11.0","C. Payne enters the game for C. Paul","","17-17","",""
"74","4:11.0","","","17-17","","R. Bullock enters the game for L. Doncic"
"75","4:11.0","D. Booker makes free throw 1 of 1","+1","18-17","",""
"76","3:54.0","","","18-17","","J. Brunson misses 2-pt jump shot from 9 ft"
"77","3:52.0","Defensive rebound by C. Johnson","","18-17","",""
"78","3:44.0","Turnover by D. Booker (bad pass)","","18-17","",""
"79","3:31.0","","","18-17","","T. Hardaway misses 3-pt jump shot from 25 ft"
"80","3:28.0","Defensive rebound by C. Payne","","18-17","",""
"81","3:21.0","Shooting foul by D. Powell (drawn by C. Payne)","","18-17","",""
"82","3:21.0","C. Payne makes free throw 1 of 2","+1","19-17","",""
"83","3:21.0","L. Shamet enters the game for M. Bridges","","19-17","",""
"84","3:21.0","C. Payne makes free throw 2 of 2","+1","20-17","",""
"85","2:56.0","","","20-19","+2","D. Finney-Smith makes 2-pt jump shot from 11 ft"
"86","2:33.0","D. Booker misses 3-pt jump shot from 26 ft","","20-19","",""
"87","2:30.0","Offensive rebound by B. Biyombo","","20-19","",""
"88","2:25.0","D. Booker misses 3-pt jump shot from 23 ft","","20-19","",""
"89","2:22.0","","","20-19","","Defensive rebound by D. Finney-Smith"
"90","2:18.0","","","20-19","","D. Finney-Smith misses 3-pt jump shot from 25 ft"
"91","2:17.0","Defensive rebound by Team","","20-19","",""
"92","2:17.0","Phoenix full timeout","","20-19","",""
"93","2:17.0","","","20-19","","L. Doncic enters the game for J. Brunson"
"94","2:17.0","","","20-19","","J. Green enters the game for D. Finney-Smith"
"95","2:17.0","","","20-19","","K. Porzingis enters the game for D. Powell"
"96","2:03.0","C. Johnson misses 3-pt jump shot from 27 ft","","20-19","",""
"97","2:00.0","","","20-19","","Defensive rebound by L. Doncic"
"98","1:41.0","","","20-21","+2","T. Hardaway makes 2-pt jump shot from 15 ft"
"99","1:22.0","L. Shamet misses 3-pt jump shot from 25 ft","","20-21","",""
"100","1:17.0","","","20-21","","Defensive rebound by R. Bullock"
"101","1:13.0","","","20-21","","Shooting foul by C. Johnson (drawn by L. Doncic)"
"102","1:13.0","","","20-22","+1","L. Doncic makes free throw 1 of 2"
"103","1:13.0","","","20-23","+1","L. Doncic makes free throw 2 of 2"
"104","1:03.0","C. Johnson misses 3-pt jump shot from 25 ft","","20-23","",""
"105","1:00.0","","","20-23","","Defensive rebound by K. Porzingis"
"106","0:56.0","","","20-26","+3","L. Doncic makes 3-pt jump shot from 25 ft (assist by J. Green)"
"107","0:42.0","D. Booker makes 2-pt jump shot from 10 ft","+2","22-26","",""
"108","0:28.0","","","22-26","","L. Doncic misses 2-pt jump shot from 10 ft"
"109","0:28.0","Defensive rebound by D. Booker","","22-26","",""
"110","0:07.0","Turnover by D. Booker (bad pass)","","22-26","",""
"111","0:00.0","","","22-26","","Turnover by L. Doncic (bad pass; steal by L. Shamet)"
"112","0:00.0","L. Shamet misses 3-pt jump shot from 48 ft","","22-26","",""
"113","0:00.0","Offensive rebound by Team","","22-26","",""
"114","0:00.0","End of 1st quarter","End of 1st quarter","End of 1st quarter","End of 1st quarter","End of 1st quarter"
"115","2nd Q","2nd Q","2nd Q","2nd Q","2nd Q","2nd Q"
"116","Time","Phoenix","","Score","","Dallas"
"117","12:00.0","Start of 2nd quarter","Start of 2nd quarter","Start of 2nd quarter","Start of 2nd quarter","Start of 2nd quarter"
"118","11:44.0","Shooting foul by T. Hardaway (drawn by B. Biyombo)","","22-26","",""
"119","11:44.0","B. Biyombo makes free throw 1 of 2","+1","23-26","",""
"120","11:44.0","B. Biyombo makes free throw 2 of 2","+1","24-26","",""
"121","11:30.0","","","24-26","","J. Green misses 2-pt jump shot from 4 ft"
"122","11:27.0","","","24-26","","Offensive rebound by K. Porzingis"
"123","11:27.0","","","24-26","","K. Porzingis misses 2-pt dunk at rim"
"124","11:27.0","Defensive rebound by C. Johnson","","24-26","",""
"125","11:18.0","C. Paul makes 2-pt jump shot from 20 ft","+2","26-26","",""
"126","10:59.0","","","26-26","","K. Porzingis misses 2-pt jump shot from 9 ft"
"127","10:59.0","Defensive rebound by C. Johnson","","26-26","",""
"128","10:42.0","C. Payne misses 3-pt jump shot from 27 ft","","26-26","",""
"129","10:42.0","","","26-26","","Defensive rebound by L. Doncic"
"130","10:29.0","","","26-26","","K. Porzingis misses 2-pt jump shot from 17 ft"
"131","10:24.0","Defensive rebound by C. Payne","","26-26","",""
"132","10:14.0","C. Payne misses 2-pt layup from 3 ft","","26-26","",""
"133","10:13.0","","","26-26","","Defensive rebound by K. Porzingis"
"134","10:10.0","","","26-26","","T. Hardaway misses 2-pt layup from 3 ft (block by C. Paul)"
"135","10:07.0","Defensive rebound by C. Johnson","","26-26","",""
"136","10:05.0","C. Payne misses 3-pt jump shot from 26 ft","","26-26","",""
"137","10:01.0","","","26-26","","Defensive rebound by J. Green"
"138","9:45.0","","","26-26","","R. Bullock misses 3-pt jump shot from 25 ft"
"139","9:43.0","Defensive rebound by C. Johnson","","26-26","",""
"140","9:34.0","C. Paul makes 2-pt jump shot from 16 ft","+2","28-26","",""
"141","9:16.0","","","28-26","","L. Doncic misses 3-pt jump shot from 25 ft"
"142","9:13.0","Defensive rebound by L. Shamet","","28-26","",""
"143","9:05.0","C. Paul misses 3-pt jump shot from 26 ft","","28-26","",""
"144","9:02.0","","","28-26","","Defensive rebound by R. Bullock"
"145","8:58.0","","","28-26","","Personal foul by L. Shamet (drawn by K. Porzingis)"
"146","8:58.0","M. Bridges enters the game for C. Payne","","28-26","",""
"147","8:58.0","J. Crowder enters the game for L. Shamet","","28-26","",""
"148","8:58.0","","","28-26","","M. Kleber enters the game for R. Bullock"
"149","8:56.0","","","28-28","+2","J. Green makes 2-pt dunk from 1 ft (assist by T. Hardaway)"
"150","8:40.0","Shooting foul by K. Porzingis (drawn by C. Johnson)","","28-28","",""
"151","8:40.0","C. Johnson makes free throw 1 of 2","+1","29-28","",""
"152","8:40.0","J. McGee enters the game for B. Biyombo","","29-28","",""
"153","8:40.0","C. Johnson makes free throw 2 of 2","+1","30-28","",""
"154","8:31.0","","","30-28","","Turnover by K. Porzingis (lost ball; steal by J. Crowder)"
"155","8:27.0","M. Bridges makes 2-pt layup from 2 ft (assist by C. Johnson)","+2","32-28","",""
"156","8:27.0","","","32-28","","Dallas full timeout"
"157","8:07.0","","","32-28","","J. Green misses 2-pt jump shot from 3 ft"
"158","8:05.0","Defensive rebound by J. McGee","","32-28","",""
"159","7:58.0","C. Paul misses 2-pt jump shot from 14 ft","","32-28","",""
"160","7:55.0","","","32-28","","Defensive rebound by M. Kleber"
"161","7:46.0","","","32-31","+3","T. Hardaway makes 3-pt jump shot from 24 ft (assist by L. Doncic)"
"162","7:25.0","J. McGee misses 2-pt layup from 3 ft (block by K. Porzingis)","","32-31","",""
"163","7:23.0","","","32-31","","Defensive rebound by L. Doncic"
"164","7:16.0","","","32-33","+2","K. Porzingis makes 2-pt dunk from 3 ft (assist by M. Kleber)"
"165","7:06.0","C. Johnson misses 3-pt jump shot from 26 ft","","32-33","",""
"166","7:03.0","","","32-33","","Defensive rebound by T. Hardaway"
"167","6:54.0","","","32-36","+3","K. Porzingis makes 3-pt jump shot from 26 ft (assist by L. Doncic)"
"168","6:53.0","Phoenix full timeout","","32-36","",""
"169","6:53.0","D. Booker enters the game for C. Johnson","","32-36","",""
"170","6:53.0","","","32-36","","F. Ntilikina enters the game for J. Green"
"171","6:40.0","J. Crowder misses 2-pt jump shot from 5 ft","","32-36","",""
"172","6:37.0","","","32-36","","Defensive rebound by T. Hardaway"
"173","6:31.0","Loose ball foul by C. Paul (drawn by M. Kleber)","","32-36","",""
"174","6:21.0","","","32-38","+2","M. Kleber makes 2-pt dunk from 1 ft (assist by L. Doncic)"
"175","6:06.0","Personal foul by F. Ntilikina (drawn by D. Booker)","","32-38","",""
"176","6:06.0","","","32-38","","J. Brunson enters the game for L. Doncic"
"177","6:06.0","","","32-38","","D. Finney-Smith enters the game for T. Hardaway"
"178","6:01.0","D. Booker misses 2-pt jump shot from 16 ft","","32-38","",""
"179","5:59.0","","","32-38","","Defensive rebound by Team"
"180","5:38.0","","","32-38","","Turnover by M. Kleber (traveling)"
"181","5:38.0","","","32-38","","D. Powell enters the game for K. Porzingis"
"182","5:27.0","D. Booker misses 3-pt jump shot from 23 ft","","32-38","",""
"183","5:25.0","","","32-38","","Defensive rebound by D. Finney-Smith"
"184","5:11.0","","","32-38","","Shooting foul by J. Crowder (drawn by J. Brunson)"
"185","5:11.0","","","32-39","+1","J. Brunson makes free throw 1 of 2"
"186","5:11.0","","","32-39","","R. Bullock enters the game for F. Ntilikina"
"187","5:11.0","","","32-40","+1","J. Brunson makes free throw 2 of 2"
"188","5:02.0","Offensive foul by J. McGee (drawn by M. Kleber)","","32-40","",""
"189","5:02.0","Turnover by J. McGee (offensive foul)","","32-40","",""
"190","4:50.0","","","32-40","","Personal foul by C. Paul (drawn by D. Powell)"
"191","4:39.0","","","32-42","+2","J. Brunson makes 2-pt jump shot from 6 ft"
"192","4:23.0","D. Booker makes 2-pt layup from 2 ft","+2","34-42","",""
"193","4:15.0","","","34-42","","J. Brunson misses 2-pt jump shot from 20 ft"
"194","4:14.0","","","34-42","","Offensive rebound by J. Brunson"
"195","4:10.0","","","34-42","","D. Finney-Smith misses 3-pt jump shot from 24 ft"
"196","4:10.0","Defensive rebound by M. Bridges","","34-42","",""
"197","3:57.0","C. Paul makes 2-pt jump shot from 14 ft","+2","36-42","",""
"198","3:42.0","","","36-42","","Offensive foul by J. Brunson (drawn by D. Booker)"
"199","3:42.0","","","36-42","","Turnover by J. Brunson (offensive foul)"
"200","3:42.0","B. Biyombo enters the game for J. McGee","","36-42","",""
"201","3:42.0","C. Payne enters the game for C. Paul","","36-42","",""
"202","3:42.0","","","36-42","","L. Doncic enters the game for M. Kleber"
"203","3:28.0","C. Payne makes 2-pt jump shot from 11 ft (assist by M. Bridges)","+2","38-42","",""
"204","3:11.0","","","38-42","","Turnover by L. Doncic (lost ball; steal by B. Biyombo)"
"205","3:08.0","D. Booker makes 2-pt layup from 4 ft (assist by M. Bridges)","+2","40-42","",""
"206","3:08.0","","","40-42","","Dallas full timeout"
"207","2:46.0","","","40-45","+3","J. Brunson makes 3-pt jump shot from 26 ft (assist by D. Finney-Smith)"
"208","2:23.0","C. Payne makes 2-pt jump shot from 11 ft (assist by B. Biyombo)","+2","42-45","",""
"209","2:02.0","","","42-45","","L. Doncic misses 3-pt jump shot from 26 ft"
"210","1:58.0","Defensive rebound by J. Crowder","","42-45","",""
"211","1:47.0","D. Booker misses 2-pt jump shot from 11 ft","","42-45","",""
"212","1:46.0","","","42-45","","Defensive rebound by L. Doncic"
"213","1:43.0","","","42-45","","Personal foul by D. Booker (drawn by L. Doncic)"
"214","1:43.0","Technical foul by D. Booker","","42-45","",""
"215","1:43.0","","","42-46","+1","L. Doncic makes technical free throw"
"216","1:43.0","","","42-47","+1","L. Doncic makes free throw 1 of 2"
"217","1:43.0","C. Johnson enters the game for B. Biyombo","","42-47","",""
"218","1:43.0","","","42-47","","T. Hardaway enters the game for R. Bullock"
"219","1:43.0","","","42-47","","K. Porzingis enters the game for D. Powell"
"220","1:43.0","","","42-48","+1","L. Doncic makes free throw 2 of 2"
"221","1:29.0","C. Payne misses 2-pt jump shot from 8 ft","","42-48","",""
"222","1:26.0","","","42-48","","Defensive rebound by K. Porzingis"
"223","1:20.0","","","42-48","","Turnover by J. Brunson (lost ball; steal by C. Payne)"
"224","1:15.0","C. Johnson makes 3-pt jump shot from 24 ft (assist by M. Bridges)","+3","45-48","",""
"225","0:53.0","","","45-48","","L. Doncic misses 2-pt jump shot from 8 ft"
"226","0:51.0","","","45-48","","Offensive rebound by J. Brunson"
"227","0:43.0","","","45-48","","K. Porzingis misses 2-pt jump shot from 7 ft"
"228","0:41.0","","","45-48","","Offensive rebound by D. Finney-Smith"
"229","0:35.0","","","45-48","","L. Doncic misses 3-pt jump shot from 26 ft"
"230","0:31.0","Defensive rebound by J. Crowder","","45-48","",""
"231","0:27.0","M. Bridges misses 3-pt jump shot from 25 ft","","45-48","",""
"232","0:24.0","","","45-48","","Defensive rebound by T. Hardaway"
"233","0:02.0","","","45-50","+2","L. Doncic makes 2-pt hook shot from 8 ft"
"234","0:01.0","Turnover by J. Crowder (bad pass; steal by L. Doncic)","","45-50","",""
"235","0:00.0","","","45-53","+3","L. Doncic makes 3-pt jump shot from 26 ft"
"236","0:00.0","","","45-53","","Instant Replay (Request: Ruling Stands)"
"237","0:00.0","End of 2nd quarter","End of 2nd quarter","End of 2nd quarter","End of 2nd quarter","End of 2nd quarter"
"238","3rd Q","3rd Q","3rd Q","3rd Q","3rd Q","3rd Q"
"239","Time","Phoenix","","Score","","Dallas"
"240","12:00.0","Start of 3rd quarter","Start of 3rd quarter","Start of 3rd quarter","Start of 3rd quarter","Start of 3rd quarter"
"241","11:45.0","J. Crowder misses 3-pt jump shot from 23 ft","","45-53","",""
"242","11:43.0","","","45-53","","Defensive rebound by J. Brunson"
"243","11:23.0","","","45-53","","Shooting foul by J. McGee (drawn by M. Kleber)"
"244","11:23.0","","","45-54","+1","M. Kleber makes free throw 1 of 2"
"245","11:23.0","","","45-55","+1","M. Kleber makes free throw 2 of 2"
"246","11:12.0","D. Booker misses 2-pt jump shot from 15 ft","","45-55","",""
"247","11:10.0","","","45-55","","Defensive rebound by M. Kleber"
"248","10:57.0","","","45-57","+2","K. Porzingis makes 2-pt dunk from 1 ft (assist by L. Doncic)"
"249","10:46.0","Personal foul by K. Porzingis (drawn by D. Booker)","","45-57","",""
"250","10:34.0","J. Crowder makes 3-pt jump shot from 25 ft (assist by C. Paul)","+3","48-57","",""
"251","10:10.0","","","48-59","+2","L. Doncic makes 2-pt hook shot from 10 ft"
"252","10:02.0","D. Booker makes 2-pt layup from 4 ft","+2","50-59","",""
"253","9:45.0","","","50-59","","L. Doncic misses 2-pt layup from 3 ft"
"254","9:43.0","Defensive rebound by D. Booker","","50-59","",""
"255","9:41.0","Personal foul by D. Finney-Smith (drawn by D. Booker)","","50-59","",""
"256","9:33.0","C. Paul makes 2-pt jump shot from 11 ft","+2","52-59","",""
"257","9:18.0","","","52-61","+2","M. Kleber makes 2-pt dunk from 1 ft (assist by L. Doncic)"
"258","9:11.0","J. Crowder makes 3-pt jump shot from 26 ft (assist by C. Paul)","+3","55-61","",""
"259","8:48.0","","","55-61","","M. Kleber misses 3-pt jump shot from 26 ft"
"260","8:45.0","Defensive rebound by C. Paul","","55-61","",""
"261","8:33.0","C. Paul misses 2-pt jump shot from 12 ft","","55-61","",""
"262","8:31.0","","","55-61","","Defensive rebound by K. Porzingis"
"263","8:15.0","","","55-63","+2","J. Brunson makes 2-pt jump shot from 9 ft"
"264","8:00.0","J. McGee makes 2-pt layup from 1 ft (assist by D. Booker)","+2","57-63","",""
"265","7:39.0","","","57-63","","Turnover by L. Doncic (bad pass)"
"266","7:24.0","M. Bridges misses 3-pt jump shot from 24 ft","","57-63","",""
"267","7:21.0","","","57-63","","Defensive rebound by K. Porzingis"
"268","7:15.0","","","57-65","+2","L. Doncic makes 2-pt jump shot from 3 ft"
"269","7:15.0","","","57-65","","Shooting foul by M. Bridges (drawn by L. Doncic)"
"270","7:15.0","","","57-66","+1","L. Doncic makes free throw 1 of 1"
"271","7:01.0","Shooting foul by M. Kleber (drawn by J. McGee)","","57-66","",""
"272","7:01.0","J. McGee makes free throw 1 of 2","+1","58-66","",""
"273","7:01.0","J. McGee makes free throw 2 of 2","+1","59-66","",""
"274","6:43.0","","","59-66","","L. Doncic misses 3-pt jump shot from 25 ft"
"275","6:38.0","Defensive rebound by M. Bridges","","59-66","",""
"276","6:34.0","D. Booker makes 2-pt layup from 2 ft (assist by C. Paul)","+2","61-66","",""
"277","6:18.0","","","61-68","+2","K. Porzingis makes 2-pt jump shot from 9 ft (assist by M. Kleber)"
"278","6:03.0","Shooting foul by J. Brunson (drawn by J. Crowder)","","61-68","",""
"279","6:03.0","","","61-68","","Dallas full timeout"
"280","6:03.0","","","61-68","","T. Hardaway enters the game for J. Brunson"
"281","6:03.0","","","61-68","","D. Powell enters the game for K. Porzingis"
"282","6:03.0","J. Crowder makes free throw 1 of 2","+1","62-68","",""
"283","6:03.0","J. Crowder makes free throw 2 of 2","+1","63-68","",""
"284","5:52.0","","","63-68","","Turnover by L. Doncic (lost ball; steal by C. Paul)"
"285","5:49.0","M. Bridges makes 2-pt dunk from 1 ft (assist by C. Paul)","+2","65-68","",""
"286","5:27.0","","","65-68","","D. Powell misses 2-pt layup from 3 ft"
"287","5:25.0","Defensive rebound by J. McGee","","65-68","",""
"288","5:17.0","J. Crowder makes 2-pt jump shot from 11 ft (assist by D. Booker)","+2","67-68","",""
"289","5:01.0","","","67-68","","Turnover by L. Doncic (bad pass; steal by M. Bridges)"
"290","4:55.0","D. Booker makes 2-pt layup from 3 ft (assist by M. Bridges)","+2","69-68","",""
"291","4:55.0","","","69-68","","Dallas full timeout"
"292","4:55.0","B. Biyombo enters the game for J. McGee","","69-68","",""
"293","4:55.0","","","69-68","","R. Bullock enters the game for M. Kleber"
"294","4:36.0","","","69-68","","D. Finney-Smith misses 3-pt jump shot from 24 ft"
"295","4:32.0","Defensive rebound by B. Biyombo","","69-68","",""
"296","4:26.0","Shooting foul by R. Bullock (drawn by B. Biyombo)","","69-68","",""
"297","4:26.0","B. Biyombo makes free throw 1 of 2","+1","70-68","",""
"298","4:26.0","C. Johnson enters the game for M. Bridges","","70-68","",""
"299","4:26.0","B. Biyombo misses free throw 2 of 2","","70-68","",""
"300","4:24.0","","","70-68","","Defensive rebound by D. Finney-Smith"
"301","4:06.0","","","70-68","","Turnover by L. Doncic (lost ball; steal by C. Paul)"
"302","3:59.0","C. Johnson misses 3-pt jump shot from 24 ft","","70-68","",""
"303","3:56.0","","","70-68","","Defensive rebound by L. Doncic"
"304","3:50.0","","","70-71","+3","D. Finney-Smith makes 3-pt jump shot from 26 ft (assist by L. Doncic)"
"305","3:41.0","Personal foul by T. Hardaway (drawn by C. Paul)","","70-71","",""
"306","3:41.0","C. Paul makes free throw 1 of 2","+1","71-71","",""
"307","3:41.0","L. Shamet enters the game for J. Crowder","","71-71","",""
"308","3:41.0","C. Paul makes free throw 2 of 2","+1","72-71","",""
"309","3:26.0","","","72-71","","Personal foul by L. Shamet (drawn by L. Doncic)"
"310","3:26.0","C. Payne enters the game for C. Paul","","72-71","",""
"311","3:15.0","","","72-71","","Personal foul by L. Shamet (drawn by T. Hardaway)"
"312","3:09.0","","","72-71","","Personal foul by C. Johnson (drawn by L. Doncic)"
"313","3:09.0","","","72-71","","L. Doncic misses free throw 1 of 2"
"314","3:09.0","","","72-71","","Offensive rebound by Team"
"315","3:09.0","","","72-71","","L. Doncic misses free throw 2 of 2"
"316","3:08.0","","","72-71","","Offensive rebound by Team"
"317","3:08.0","Loose ball foul by B. Biyombo (drawn by D. Powell)","","72-71","",""
"318","3:08.0","","","72-71","","D. Powell misses free throw 1 of 2"
"319","3:08.0","","","72-71","","Offensive rebound by Team"
"320","3:08.0","","","72-72","+1","D. Powell makes free throw 2 of 2"
"321","2:58.0","C. Payne misses 3-pt jump shot from 25 ft","","72-72","",""
"322","2:53.0","","","72-72","","Defensive rebound by T. Hardaway"
"323","2:43.0","","","72-72","","L. Doncic misses 3-pt jump shot from 26 ft"
"324","2:39.0","","","72-72","","Offensive rebound by D. Powell"
"325","2:37.0","","","72-74","+2","D. Powell makes 2-pt dunk at rim"
"326","2:16.0","D. Booker misses 3-pt jump shot from 27 ft","","72-74","",""
"327","2:13.0","","","72-74","","Defensive rebound by L. Doncic"
"328","2:07.0","","","72-74","","L. Doncic misses 3-pt jump shot from 25 ft"
"329","2:04.0","","","72-74","","Offensive rebound by R. Bullock"
"330","2:02.0","","","72-77","+3","T. Hardaway makes 3-pt jump shot from 25 ft (assist by R. Bullock)"
"331","1:42.0","C. Johnson makes 2-pt dunk from 1 ft (assist by D. Booker)","+2","74-77","",""
"332","1:28.0","","","74-77","","T. Hardaway misses 3-pt jump shot from 26 ft"
"333","1:24.0","","","74-77","","Offensive rebound by L. Doncic"
"334","1:22.0","","","74-77","","D. Finney-Smith misses 3-pt jump shot from 26 ft"
"335","1:20.0","Defensive rebound by D. Booker","","74-77","",""
"336","1:10.0","C. Payne misses 2-pt layup from 3 ft","","74-77","",""
"337","1:09.0","","","74-77","","Defensive rebound by D. Powell"
"338","1:02.0","","","74-77","","L. Doncic misses 2-pt layup from 2 ft"
"339","1:00.0","","","74-77","","Offensive rebound by D. Powell"
"340","0:59.0","","","74-79","+2","D. Powell makes 2-pt layup from 1 ft"
"341","0:59.0","","","74-79","","Shooting foul by C. Payne (drawn by D. Powell)"
"342","0:59.0","","","74-79","","J. Brunson enters the game for L. Doncic"
"343","0:59.0","","","74-79","","J. Green enters the game for D. Finney-Smith"
"344","0:59.0","","","74-80","+1","D. Powell makes free throw 1 of 1"
"345","0:43.0","D. Booker misses 2-pt jump shot from 13 ft","","74-80","",""
"346","0:40.0","","","74-80","","Defensive rebound by R. Bullock"
"347","0:31.0","","","74-80","","T. Hardaway misses 2-pt jump shot from 18 ft"
"348","0:31.0","Defensive rebound by C. Payne","","74-80","",""
"349","0:08.0","Turnover by B. Biyombo (traveling)","","74-80","",""
"350","0:08.0","J. Crowder enters the game for B. Biyombo","","74-80","",""
"351","0:08.0","","","74-80","","K. Porzingis enters the game for D. Powell"
"352","0:01.0","","","74-82","+2","J. Brunson makes 2-pt layup from 3 ft"
"353","0:00.0","End of 3rd quarter","End of 3rd quarter","End of 3rd quarter","End of 3rd quarter","End of 3rd quarter"
"354","4th Q","4th Q","4th Q","4th Q","4th Q","4th Q"
"355","Time","Phoenix","","Score","","Dallas"
"356","12:00.0","Start of 4th quarter","Start of 4th quarter","Start of 4th quarter","Start of 4th quarter","Start of 4th quarter"
"357","11:42.0","","","74-82","","K. Porzingis misses 2-pt jump shot from 14 ft"
"358","11:39.0","Defensive rebound by C. Johnson","","74-82","",""
"359","11:33.0","C. Paul makes 3-pt jump shot from 26 ft","+3","77-82","",""
"360","11:06.0","","","77-84","+2","J. Brunson makes 2-pt jump shot from 9 ft"
"361","10:59.0","M. Bridges misses 2-pt jump shot from 14 ft","","77-84","",""
"362","10:59.0","","","77-84","","Defensive rebound by R. Bullock"
"363","10:43.0","","","77-86","+2","J. Brunson makes 2-pt jump shot from 16 ft"
"364","10:17.0","M. Bridges misses 3-pt jump shot from 24 ft","","77-86","",""
"365","10:15.0","","","77-86","","Defensive rebound by K. Porzingis"
"366","9:53.0","","","77-86","","Turnover by J. Brunson (lost ball; steal by C. Johnson)"
"367","9:48.0","C. Johnson misses 3-pt jump shot from 25 ft","","77-86","",""
"368","9:43.0","","","77-86","","Defensive rebound by R. Bullock"
"369","9:35.0","","","77-86","","K. Porzingis misses 3-pt jump shot from 27 ft"
"370","9:32.0","Defensive rebound by C. Johnson","","77-86","",""
"371","9:12.0","C. Payne makes 2-pt layup from 7 ft","+2","79-86","",""
"372","9:12.0","Shooting foul by J. Green (drawn by C. Payne)","","79-86","",""
"373","9:12.0","Technical foul by C. Payne","","79-86","",""
"374","9:12.0","","","79-87","+1","K. Porzingis makes technical free throw"
"375","9:12.0","","","79-87","","T. Hardaway enters the game for J. Green"
"376","9:12.0","C. Payne makes free throw 1 of 1","+1","80-87","",""
"377","8:59.0","","","80-89","+2","J. Brunson makes 2-pt jump shot from 5 ft"
"378","8:51.0","C. Paul makes 2-pt layup from 5 ft","+2","82-89","",""
"379","8:37.0","","","82-89","","Turnover by J. Brunson (bad pass; steal by M. Bridges)"
"380","8:33.0","C. Payne makes 3-pt jump shot from 26 ft","+3","85-89","",""
"381","8:08.0","","","85-89","","R. Bullock misses 3-pt jump shot from 25 ft"
"382","8:08.0","","","85-89","","Offensive rebound by K. Porzingis"
"383","8:01.0","","","85-92","+3","R. Bullock makes 3-pt jump shot from 26 ft"
"384","7:40.0","C. Paul makes 2-pt jump shot from 17 ft","+2","87-92","",""
"385","7:26.0","","","87-92","","J. Brunson misses 2-pt layup from 4 ft"
"386","7:25.0","Defensive rebound by Team","","87-92","",""
"387","7:25.0","","","87-92","","Loose ball foul by K. Porzingis (drawn by C. Johnson)"
"388","7:25.0","D. Booker enters the game for C. Johnson","","87-92","",""
"389","7:25.0","J. Crowder enters the game for C. Payne","","87-92","",""
"390","7:25.0","","","87-92","","L. Doncic enters the game for R. Bullock"
"391","7:11.0","C. Paul misses 3-pt jump shot from 25 ft","","87-92","",""
"392","7:08.0","","","87-92","","Defensive rebound by M. Kleber"
"393","7:01.0","","","87-95","+3","T. Hardaway makes 3-pt jump shot from 26 ft (assist by M. Kleber)"
"394","6:41.0","J. Crowder makes 3-pt jump shot from 22 ft (assist by M. Bridges)","+3","90-95","",""
"395","6:21.0","","","90-95","","Turnover by M. Kleber (lost ball; steal by B. Biyombo)"
"396","6:12.0","M. Bridges misses 2-pt jump shot from 10 ft","","90-95","",""
"397","6:11.0","Offensive rebound by M. Bridges","","90-95","",""
"398","6:09.0","M. Bridges makes 2-pt layup from 7 ft","+2","92-95","",""
"399","5:46.0","","","92-95","","J. Brunson misses 3-pt jump shot from 26 ft"
"400","5:43.0","Defensive rebound by B. Biyombo","","92-95","",""
"401","5:33.0","D. Booker misses 2-pt jump shot from 20 ft","","92-95","",""
"402","5:31.0","","","92-95","","Defensive rebound by L. Doncic"
"403","5:20.0","","","92-95","","K. Porzingis misses 2-pt jump shot from 9 ft"
"404","5:17.0","Defensive rebound by C. Paul","","92-95","",""
"405","5:14.0","D. Booker misses 2-pt layup from 3 ft (block by M. Kleber)","","92-95","",""
"406","5:11.0","Offensive rebound by B. Biyombo","","92-95","",""
"407","5:10.0","Shooting foul by M. Kleber (drawn by D. Booker)","","92-95","",""
"408","5:10.0","","","92-95","","Dallas full timeout"
"409","5:10.0","","","92-95","","D. Finney-Smith enters the game for M. Kleber"
"410","5:10.0","","","92-95","","D. Powell enters the game for K. Porzingis"
"411","5:10.0","D. Booker makes free throw 1 of 2","+1","93-95","",""
"412","5:10.0","D. Booker makes free throw 2 of 2","+1","94-95","",""
"413","4:58.0","","","94-95","","Turnover by D. Powell (lost ball; steal by M. Bridges)"
"414","4:53.0","D. Booker makes 2-pt layup from 4 ft","+2","96-95","",""
"415","4:36.0","","","96-97","+2","L. Doncic makes 2-pt jump shot from 6 ft"
"416","4:11.0","C. Paul misses 3-pt jump shot from 25 ft","","96-97","",""
"417","4:08.0","","","96-97","","Defensive rebound by T. Hardaway"
"418","3:50.0","","","96-97","","J. Brunson misses 2-pt jump shot from 15 ft"
"419","3:47.0","","","96-97","","Offensive rebound by Team"
"420","3:47.0","","","96-97","","Turnover by J. Brunson (traveling)"
"421","3:47.0","Phoenix full timeout","","96-97","",""
"422","3:47.0","","","96-97","","M. Kleber enters the game for D. Powell"
"423","3:38.0","B. Biyombo makes 2-pt layup from 3 ft (assist by C. Paul)","+2","98-97","",""
"424","3:38.0","Shooting foul by D. Finney-Smith (drawn by B. Biyombo)","","98-97","",""
"425","3:38.0","B. Biyombo makes free throw 1 of 1","+1","99-97","",""
"426","3:18.0","","","99-97","","Personal foul by J. Crowder (drawn by J. Brunson)"
"427","3:10.0","","","99-99","+2","L. Doncic makes 2-pt jump shot from 14 ft (assist by M. Kleber)"
"428","3:10.0","","","99-99","","Shooting foul by B. Biyombo (drawn by L. Doncic)"
"429","3:10.0","Phoenix full timeout","","99-99","",""
"430","3:10.0","","","99-99","","L. Doncic misses free throw 1 of 1"
"431","3:07.0","Defensive rebound by M. Bridges","","99-99","",""
"432","2:56.0","M. Bridges makes 2-pt jump shot from 7 ft (assist by D. Booker)","+2","101-99","",""
"433","2:34.0","","","101-99","","L. Doncic misses 2-pt jump shot from 6 ft"
"434","2:30.0","Defensive rebound by M. Bridges","","101-99","",""
"435","2:25.0","D. Booker misses 3-pt jump shot from 26 ft","","101-99","",""
"436","2:25.0","Offensive rebound by Team","","101-99","",""
"437","2:25.0","","","101-99","","Loose ball foul by T. Hardaway (drawn by B. Biyombo)"
"438","2:25.0","B. Biyombo misses free throw 1 of 2","","101-99","",""
"439","2:25.0","Offensive rebound by Team","","101-99","",""
"440","2:25.0","","","101-99","","K. Porzingis enters the game for M. Kleber"
"441","2:25.0","B. Biyombo makes free throw 2 of 2","+1","102-99","",""
"442","2:09.0","","","102-99","","T. Hardaway misses 3-pt jump shot from 25 ft"
"443","2:05.0","Defensive rebound by M. Bridges","","102-99","",""
"444","1:54.0","J. Crowder misses 3-pt jump shot from 25 ft","","102-99","",""
"445","1:53.0","Offensive rebound by M. Bridges","","102-99","",""
"446","1:49.0","B. Biyombo makes 2-pt dunk at rim (assist by M. Bridges)","+2","104-99","",""
"447","1:49.0","","","104-99","","Dallas full timeout"
"448","1:31.0","","","104-99","","Personal foul by C. Paul (drawn by K. Porzingis)"
"449","1:19.0","","","104-99","","T. Hardaway misses 3-pt jump shot from 23 ft"
"450","1:15.0","Defensive rebound by C. Paul","","104-99","",""
"451","1:05.0","Offensive foul by B. Biyombo (drawn by T. Hardaway)","","104-99","",""
"452","1:05.0","Turnover by B. Biyombo (offensive foul)","","104-99","",""
"453","1:05.0","C. Johnson enters the game for B. Biyombo","","104-99","",""
"454","0:48.0","","","104-99","","Offensive foul by D. Finney-Smith (drawn by D. Booker)"
"455","0:48.0","","","104-99","","Turnover by D. Finney-Smith (offensive foul)"
"456","0:48.0","Phoenix full timeout","","104-99","",""
"457","0:48.0","Instant Replay (Challenge: Ruling Stands)","","104-99","",""
"458","0:48.0","B. Biyombo enters the game for C. Johnson","","104-99","",""
"459","0:26.0","C. Paul makes 3-pt jump shot from 26 ft (assist by D. Booker)","+3","107-99","",""
"460","0:19.0","","","107-101","+2","K. Porzingis makes 2-pt dunk from 2 ft (assist by J. Brunson)"
"461","0:09.0","Personal take foul by K. Porzingis (drawn by D. Booker)","","107-101","",""
"462","0:09.0","D. Booker makes free throw 1 of 2","+1","108-101","",""
"463","0:09.0","C. Johnson enters the game for B. Biyombo","","108-101","",""
"464","0:09.0","D. Booker makes free throw 2 of 2","+1","109-101","",""
"465","0:01.0","","","109-101","","K. Porzingis misses 3-pt jump shot from 28 ft"
"466","0:01.0","Defensive rebound by M. Bridges","","109-101","",""
"467","0:00.0","End of 4th quarter","End of 4th quarter","End of 4th quarter","End of 4th quarter","End of 4th quarter"
